<?xml version="1.0" ?>

<container xmlns="http://symfony.com/schema/dic/services"
    xmlns:xsi="http://www.w3.org/2001/XMLSchema-instance"
    xsi:schemaLocation="http://symfony.com/schema/dic/services http://symfony.com/schema/dic/services/services-1.0.xsd">

    <parameters>
        <parameter key="doctrine.orm.configuration.class">Doctrine\ORM\Configuration</parameter>
        <parameter key="doctrine.orm.entity_manager.class">Doctrine\ORM\EntityManager</parameter>
        <parameter key="doctrine.orm.manager_configurator.class">Doctrine\Bundle\DoctrineBundle\ManagerConfigurator</parameter>

        <!-- cache -->
        <parameter key="doctrine.orm.cache.array.class">Doctrine\Common\Cache\ArrayCache</parameter>
        <parameter key="doctrine.orm.cache.apc.class">Doctrine\Common\Cache\ApcCache</parameter>
        <parameter key="doctrine.orm.cache.memcache.class">Doctrine\Common\Cache\MemcacheCache</parameter>
        <parameter key="doctrine.orm.cache.memcache_host">localhost</parameter>
        <parameter key="doctrine.orm.cache.memcache_port">11211</parameter>
        <parameter key="doctrine.orm.cache.memcache_instance.class">Memcache</parameter>
        <parameter key="doctrine.orm.cache.memcached.class">Doctrine\Common\Cache\MemcachedCache</parameter>
        <parameter key="doctrine.orm.cache.memcached_host">localhost</parameter>
        <parameter key="doctrine.orm.cache.memcached_port">11211</parameter>
        <parameter key="doctrine.orm.cache.memcached_instance.class">Memcached</parameter>
        <parameter key="doctrine.orm.cache.redis.class">Doctrine\Common\Cache\RedisCache</parameter>
        <parameter key="doctrine.orm.cache.redis_host">localhost</parameter>
        <parameter key="doctrine.orm.cache.redis_port">6379</parameter>
        <parameter key="doctrine.orm.cache.redis_instance.class">Redis</parameter>
        <parameter key="doctrine.orm.cache.xcache.class">Doctrine\Common\Cache\XcacheCache</parameter>
        <parameter key="doctrine.orm.cache.wincache.class">Doctrine\Common\Cache\WinCacheCache</parameter>
        <parameter key="doctrine.orm.cache.zenddata.class">Doctrine\Common\Cache\ZendDataCache</parameter>

        <!-- metadata -->
        <parameter key="doctrine.orm.metadata.driver_chain.class">Doctrine\ORM\Mapping\Driver\DriverChain</parameter>
        <parameter key="doctrine.orm.metadata.annotation.class">Doctrine\ORM\Mapping\Driver\AnnotationDriver</parameter>
        <parameter key="doctrine.orm.metadata.xml.class">Doctrine\ORM\Mapping\Driver\SimplifiedXmlDriver</parameter>
        <parameter key="doctrine.orm.metadata.yml.class">Doctrine\ORM\Mapping\Driver\SimplifiedYamlDriver</parameter>
        <parameter key="doctrine.orm.metadata.php.class">Doctrine\ORM\Mapping\Driver\PHPDriver</parameter>
        <parameter key="doctrine.orm.metadata.staticphp.class">Doctrine\ORM\Mapping\Driver\StaticPHPDriver</parameter>

        <!-- cache warmer -->
        <parameter key="doctrine.orm.proxy_cache_warmer.class">Symfony\Bridge\Doctrine\CacheWarmer\ProxyCacheWarmer</parameter>

        <!-- form field factory guesser -->
        <parameter key="form.type_guesser.doctrine.class">Symfony\Bridge\Doctrine\Form\DoctrineOrmTypeGuesser</parameter>

        <!-- validator -->
        <parameter key="doctrine.orm.validator.unique.class">Symfony\Bridge\Doctrine\Validator\Constraints\UniqueEntityValidator</parameter>
        <parameter key="doctrine.orm.validator_initializer.class">Symfony\Bridge\Doctrine\Validator\DoctrineInitializer</parameter>

        <!-- security -->
        <parameter key="doctrine.orm.security.user.provider.class">Symfony\Bridge\Doctrine\Security\User\EntityUserProvider</parameter>

        <!-- listeners -->
        <parameter key="doctrine.orm.listeners.resolve_target_entity.class">Doctrine\ORM\Tools\ResolveTargetEntityListener</parameter>

        <!-- naming strategy -->
        <parameter key="doctrine.orm.naming_strategy.default.class">Doctrine\ORM\Mapping\DefaultNamingStrategy</parameter>
        <parameter key="doctrine.orm.naming_strategy.underscore.class">Doctrine\ORM\Mapping\UnderscoreNamingStrategy</parameter>
    </parameters>

    <services>
        <!--- Annotation Metadata Reader Service -->
        <service id="doctrine.orm.metadata.annotation_reader" alias="annotation_reader" public="false" />

        <service id="doctrine.orm.proxy_cache_warmer" class="%doctrine.orm.proxy_cache_warmer.class%" public="false">
            <tag name="kernel.cache_warmer" />
            <argument type="service" id="doctrine" />
        </service>

        <service id="form.type_guesser.doctrine" class="%form.type_guesser.doctrine.class%">
            <tag name="form.type_guesser" />
            <argument type="service" id="doctrine" />
        </service>

        <service id="form.type.entity" class="Symfony\Bridge\Doctrine\Form\Type\EntityType">
            <tag name="form.type" alias="entity" />
            <argument type="service" id="doctrine" />
        </service>

        <service id="doctrine.orm.configuration" class="%doctrine.orm.configuration.class%" abstract="true" public="false" />

        <service id="doctrine.orm.entity_manager.abstract" class="%doctrine.orm.entity_manager.class%" factory-class="%doctrine.orm.entity_manager.class%" factory-method="create" abstract="true" />

        <!-- The configurator cannot be a private service -->
        <service id="doctrine.orm.manager_configurator.abstract" class="%doctrine.orm.manager_configurator.class%" abstract="true">
            <argument type="collection" />
            <argument type="collection" />
        </service>

        <!-- validator -->
        <service id="doctrine.orm.validator.unique" class="%doctrine.orm.validator.unique.class%">
            <tag name="validator.constraint_validator" alias="doctrine.orm.validator.unique" />
            <argument type="service" id="doctrine" />
        </service>

        <service id="doctrine.orm.validator_initializer" class="%doctrine.orm.validator_initializer.class%">
            <tag name="validator.initializer" />
            <argument type="service" id="doctrine" />
        </service>

        <!-- security -->
        <service id="doctrine.orm.security.user.provider" class="%doctrine.orm.security.user.provider.class%" abstract="true" public="false">
            <argument type="service" id="doctrine" />
        </service>

        <!-- listeners -->
        <service id="doctrine.orm.listeners.resolve_target_entity" class="%doctrine.orm.listeners.resolve_target_entity.class%" public="false" />

        <!-- naming strategy -->
        <service id="doctrine.orm.naming_strategy.default" class="%doctrine.orm.naming_strategy.default.class%" public="false" />
        <service id="doctrine.orm.naming_strategy.underscore" class="%doctrine.orm.naming_strategy.underscore.class%" public="false" />
    </services>
</container>
